Susceptible,Infected,Recovered,experiment
99764,231,5,Baseline
99420,554,26,Baseline
98573,1344,83,Baseline
96608,3192,200,Baseline
92083,7412,505,Baseline
82467,16305,1228,Baseline
64565,32571,2864,Baseline
39670,54149,6181,Baseline
17696,70743,11561,Baseline
6118,75305,18577,Baseline
1953,71995,26052,Baseline
645,66177,33178,Baseline
241,59874,39885,Baseline
87,54091,45822,Baseline
35,48623,51342,Baseline
11,43785,56204,Baseline
6,39466,60528,Baseline
2,35542,64456,Baseline
1,32049,67950,Baseline
1,28885,71114,Baseline
1,26025,73974,Baseline
1,23394,76605,Baseline
1,21121,78878,Baseline
1,19004,80995,Baseline
1,17103,82896,Baseline
1,15411,84588,Baseline
1,13893,86106,Baseline
1,12467,87532,Baseline
1,11256,88743,Baseline
1,10155,89844,Baseline
1,9134,90865,Baseline
1,8160,91839,Baseline
1,7303,92696,Baseline
1,6590,93409,Baseline
1,5937,94062,Baseline
1,5332,94667,Baseline
1,4830,95169,Baseline
1,4348,95651,Baseline
1,3933,96066,Baseline
1,3516,96483,Baseline
1,3162,96837,Baseline
1,2866,97133,Baseline
1,2542,97457,Baseline
1,2272,97727,Baseline
1,2043,97956,Baseline
1,1838,98161,Baseline
1,1682,98317,Baseline
1,1511,98488,Baseline
1,1369,98630,Baseline
1,1248,98751,Baseline
1,1121,98878,Baseline
1,1008,98991,Baseline
1,914,99085,Baseline
1,837,99162,Baseline
1,765,99234,Baseline
1,705,99294,Baseline
1,637,99362,Baseline
1,571,99428,Baseline
1,508,99491,Baseline
1,464,99535,Baseline
1,426,99573,Baseline
1,388,99611,Baseline
1,344,99655,Baseline
1,307,99692,Baseline
1,280,99719,Baseline
1,250,99749,Baseline
1,224,99775,Baseline
1,197,99802,Baseline
1,176,99823,Baseline
1,160,99839,Baseline
1,145,99854,Baseline
1,124,99875,Baseline
1,113,99886,Baseline
1,103,99896,Baseline
1,93,99906,Baseline
1,78,99921,Baseline
1,72,99927,Baseline
1,65,99934,Baseline
1,55,99944,Baseline
1,52,99947,Baseline
1,47,99952,Baseline
1,43,99956,Baseline
1,42,99957,Baseline
1,38,99961,Baseline
1,35,99964,Baseline
1,30,99969,Baseline
1,23,99976,Baseline
1,19,99980,Baseline
1,15,99984,Baseline
1,14,99985,Baseline
1,14,99985,Baseline
1,13,99986,Baseline
1,12,99987,Baseline
1,11,99988,Baseline
1,9,99990,Baseline
1,9,99990,Baseline
1,9,99990,Baseline
1,8,99991,Baseline
1,7,99992,Baseline
1,7,99992,Baseline
99649,340,11,High Infection
98805,1150,45,High Infection
96014,3845,141,High Infection
87337,12152,511,High Infection
64526,33726,1748,High Infection
27587,67231,5182,High Infection
5154,82861,11985,High Infection
659,79048,20293,High Infection
103,71760,28137,High Infection
13,64813,35174,High Infection
5,58299,41696,High Infection
0,52379,47621,High Infection
0,47165,52835,High Infection
0,42541,57459,High Infection
0,38319,61681,High Infection
0,34525,65475,High Infection
0,31089,68911,High Infection
0,27990,72010,High Infection
0,25188,74812,High Infection
0,22670,77330,High Infection
0,20400,79600,High Infection
0,18371,81629,High Infection
0,16549,83451,High Infection
0,14885,85115,High Infection
0,13317,86683,High Infection
0,12045,87955,High Infection
0,10824,89176,High Infection
0,9710,90290,High Infection
0,8654,91346,High Infection
0,7768,92232,High Infection
0,7008,92992,High Infection
0,6278,93722,High Infection
0,5669,94331,High Infection
0,5123,94877,High Infection
0,4609,95391,High Infection
0,4124,95876,High Infection
0,3723,96277,High Infection
0,3333,96667,High Infection
0,2975,97025,High Infection
0,2679,97321,High Infection
0,2399,97601,High Infection
0,2145,97855,High Infection
0,1914,98086,High Infection
0,1730,98270,High Infection
0,1558,98442,High Infection
0,1406,98594,High Infection
0,1243,98757,High Infection
0,1102,98898,High Infection
0,1003,98997,High Infection
0,905,99095,High Infection
0,817,99183,High Infection
0,745,99255,High Infection
0,668,99332,High Infection
0,602,99398,High Infection
0,535,99465,High Infection
0,477,99523,High Infection
0,432,99568,High Infection
0,395,99605,High Infection
0,354,99646,High Infection
0,314,99686,High Infection
0,288,99712,High Infection
0,263,99737,High Infection
0,233,99767,High Infection
0,209,99791,High Infection
0,185,99815,High Infection
0,169,99831,High Infection
0,155,99845,High Infection
0,142,99858,High Infection
0,131,99869,High Infection
0,121,99879,High Infection
0,111,99889,High Infection
0,100,99900,High Infection
0,89,99911,High Infection
0,81,99919,High Infection
0,70,99930,High Infection
0,57,99943,High Infection
0,49,99951,High Infection
0,40,99960,High Infection
0,36,99964,High Infection
0,32,99968,High Infection
0,31,99969,High Infection
0,29,99971,High Infection
0,28,99972,High Infection
0,27,99973,High Infection
0,24,99976,High Infection
0,21,99979,High Infection
0,19,99981,High Infection
0,19,99981,High Infection
0,16,99984,High Infection
0,16,99984,High Infection
0,14,99986,High Infection
0,13,99987,High Infection
0,13,99987,High Infection
0,10,99990,High Infection
0,10,99990,High Infection
0,10,99990,High Infection
0,10,99990,High Infection
0,8,99992,High Infection
0,7,99993,High Infection
0,7,99993,High Infection
99762,217,21,High Recovery
99440,499,61,High Recovery
98747,1080,173,High Recovery
97146,2487,367,High Recovery
93577,5561,862,High Recovery
86083,11937,1980,High Recovery
72063,23585,4352,High Recovery
50543,40475,8982,High Recovery
27421,55437,17142,High Recovery
11818,59906,28276,High Recovery
4779,54944,40277,High Recovery
2040,46755,51205,High Recovery
1038,38479,60483,High Recovery
590,31265,68145,High Recovery
377,25135,74488,High Recovery
245,20324,79431,High Recovery
175,16312,83513,High Recovery
127,13033,86840,High Recovery
101,10464,89435,High Recovery
88,8383,91529,High Recovery
76,6735,93189,High Recovery
68,5426,94506,High Recovery
61,4355,95584,High Recovery
58,3441,96501,High Recovery
53,2741,97206,High Recovery
53,2177,97770,High Recovery
53,1738,98209,High Recovery
52,1411,98537,High Recovery
52,1156,98792,High Recovery
51,946,99003,High Recovery
51,750,99199,High Recovery
50,597,99353,High Recovery
49,474,99477,High Recovery
49,378,99573,High Recovery
49,306,99645,High Recovery
49,262,99689,High Recovery
49,214,99737,High Recovery
49,169,99782,High Recovery
48,137,99815,High Recovery
48,110,99842,High Recovery
48,90,99862,High Recovery
48,79,99873,High Recovery
48,57,99895,High Recovery
48,47,99905,High Recovery
48,33,99919,High Recovery
48,24,99928,High Recovery
48,16,99936,High Recovery
48,14,99938,High Recovery
48,12,99940,High Recovery
48,10,99942,High Recovery
48,8,99944,High Recovery
48,7,99945,High Recovery
48,6,99946,High Recovery
48,5,99947,High Recovery
48,4,99948,High Recovery
48,4,99948,High Recovery
48,3,99949,High Recovery
48,1,99951,High Recovery
48,0,99952,High Recovery
48,0,99952,High Recovery
48,0,99952,High Recovery
48,0,99952,High Recovery
48,0,99952,High Recovery
48,0,99952,High Recovery
48,0,99952,High Recovery
48,0,99952,High Recovery
48,0,99952,High Recovery
48,0,99952,High Recovery
48,0,99952,High Recovery
48,0,99952,High Recovery
48,0,99952,High Recovery
48,0,99952,High Recovery
48,0,99952,High Recovery
48,0,99952,High Recovery
48,0,99952,High Recovery
48,0,99952,High Recovery
48,0,99952,High Recovery
48,0,99952,High Recovery
48,0,99952,High Recovery
48,0,99952,High Recovery
48,0,99952,High Recovery
48,0,99952,High Recovery
48,0,99952,High Recovery
48,0,99952,High Recovery
48,0,99952,High Recovery
48,0,99952,High Recovery
48,0,99952,High Recovery
48,0,99952,High Recovery
48,0,99952,High Recovery
48,0,99952,High Recovery
48,0,99952,High Recovery
48,0,99952,High Recovery
48,0,99952,High Recovery
48,0,99952,High Recovery
48,0,99952,High Recovery
48,0,99952,High Recovery
48,0,99952,High Recovery
48,0,99952,High Recovery
48,0,99952,High Recovery
48,0,99952,High Recovery
